{
  "weights": [
    5.779459424794428e-10,
    0.4238277670909046,
    4.833394270970594e-10,
    6.290678720382985e-10,
    -0.2891389910726913,
    0.603201683856054,
    -0.9910871042633526,
    -0.9082856565223902,
    -0.2313300200089073,
    0.28119928688349355,
    -0.36698628824272556,
    0.7494986931206801,
    -2.979423990196178e-09,
    -3.0603572683792275,
    -0.6194037679271917,
    0.5342047191967525,
    0.3442063417106074,
    -0.7364789993491543,
    2.4239534446712863e-09,
    1.6917887444687485,
    -6.315991341514533e-09,
    -1.9110377611403344,
    -3.2512607453465404e-09,
    -3.1602812540928173,
    -0.1666381469035383,
    2.0177324178729292e-07,
    -0.9175011862673247,
    -2.335284800712747e-10,
    -0.4151155947868911,
    -1.132606207170548
  ],
  "bias": -0.5270476498170139
}