{
  "weights": [
    1.0873387962313464e-11,
    -0.25404755460522,
    0.6410144738346525,
    0.9496963267018195
  ],
  "bias": 0.08844444448521435
}