{
  "weights": [
    2.1603272938410624e-11,
    0.42382773787057193,
    1.825430330313488e-11,
    4.069685016630644e-11,
    -0.28913897281355555,
    0.6032017213353807,
    -0.9910870675441574,
    -0.9082857149103774,
    -0.23133005238111565,
    0.28119929154803147,
    -0.36698626937573986,
    0.7494986726312209,
    -3.88324764890626e-10,
    -3.060357296752491,
    -0.6194037560258469,
    0.5342048299149226,
    0.34420625168788055,
    -0.7364789770959186,
    3.846970432918636e-10,
    1.691788672953636,
    -6.528820042431918e-10,
    -1.9110377266855438,
    -2.8987407701146084e-10,
    -3.160281300284756,
    -0.16663817694693545,
    4.551215081777236e-09,
    -0.9175010988221476,
    -3.3856347803582757e-11,
    -0.4151155648266196,
    -1.1326061425337122
  ],
  "bias": -0.5270476544448309
}