{
  "weights": [
    1.522244590556125e-10,
    -0.25404755465832923,
    0.6410144736824525,
    0.9496963268040209
  ],
  "bias": 0.08844444447033259
}